method_id,task_id,robot_id,threshold,threshold_value,nominal_success,breaking_cost,breaking_success_rate,trials,notes,perturbation
nominal,push_block,franka_panda,absolute_50,0.5,0.94,1.0,0.7609398907485072,150,no_break_found_returned_lowest_success,calibration_offset_mm=35
nominal,push_block,franka_panda,relative_drop_20,0.752,0.94,1.0,0.7609398907485072,150,no_break_found_returned_lowest_success,calibration_offset_mm=35
nominal,push_block,franka_panda,relative_drop_30,0.6579999999999999,0.94,1.0,0.7609398907485072,150,no_break_found_returned_lowest_success,calibration_offset_mm=35
nominal,push_block,widowx250_like,absolute_50,0.5,0.9,1.0,0.5476706079933165,150,no_break_found_returned_lowest_success,calibration_offset_mm=35
nominal,push_block,widowx250_like,relative_drop_20,0.7200000000000001,0.9,0.4378469018326991,0.7199949717519232,150,found_break,latency_ms=79.78515625;calibration_offset_mm=9.97314453125
nominal,push_block,widowx250_like,relative_drop_30,0.63,0.9,0.9279785156249999,0.6299728943569067,150,found_break,action_noise_std=0.037119140625
nominal,push_block,so101_urdf,absolute_50,0.5,0.96,0.813720703125,0.49985867292714076,150,found_break,calibration_offset_mm=28.480224609375
nominal,push_block,so101_urdf,relative_drop_20,0.768,0.96,0.23310587588377157,0.7679665943537601,150,found_break,action_noise_std=0.008095703125000001;calibration_offset_mm=4.0478515625
nominal,push_block,so101_urdf,relative_drop_30,0.6719999999999999,0.96,0.3678767502331876,0.6719746823510162,150,found_break,action_noise_std=0.00968994140625;calibration_offset_mm=9.68994140625
nominal,press_button,franka_panda,absolute_50,0.5,0.82,1.0,0.5939900566298013,150,no_break_found_returned_lowest_success,calibration_offset_mm=35
nominal,press_button,franka_panda,relative_drop_20,0.656,0.82,0.863037109375,0.6559403341490977,150,found_break,calibration_offset_mm=30.206298828125
nominal,press_button,franka_panda,relative_drop_30,0.574,0.82,1.0,0.5939900566298013,150,no_break_found_returned_lowest_success,calibration_offset_mm=35
nominal,press_button,widowx250_like,absolute_50,0.5,0.94,0.917236328125,0.49999740249820324,150,found_break,action_noise_std=0.036689453125
nominal,press_button,widowx250_like,relative_drop_20,0.752,0.94,0.21117311554730087,0.7519977155956035,149,found_break,action_noise_std=0.007333984375;calibration_offset_mm=3.6669921875
nominal,press_button,widowx250_like,relative_drop_30,0.6579999999999999,0.94,0.3311724939740941,0.6579521289503752,150,found_break,action_noise_std=0.008723144531250001;calibration_offset_mm=8.72314453125
nominal,press_button,so101_urdf,absolute_50,0.5,0.86,0.5474330357142857,0.4998863220527766,150,found_break,calibration_offset_mm=19.16015625
nominal,press_button,so101_urdf,relative_drop_20,0.6880000000000001,0.86,0.24273660718536283,0.6879797827558026,150,found_break,action_noise_std=0.00843017578125;calibration_offset_mm=4.215087890625
nominal,press_button,so101_urdf,relative_drop_30,0.602,0.86,0.31226424074971254,0.6019746108390748,150,found_break,action_noise_std=0.00822509765625;calibration_offset_mm=8.22509765625
nominal,slide_track,franka_panda,absolute_50,0.5,0.9,1.0,0.6867964319069954,150,no_break_found_returned_lowest_success,action_noise_std=0.04
nominal,slide_track,franka_panda,relative_drop_20,0.7200000000000001,0.9,0.8872070312500001,0.719998216257694,150,found_break,action_noise_std=0.03548828125
nominal,slide_track,franka_panda,relative_drop_30,0.63,0.9,1.0,0.6867964319069954,150,no_break_found_returned_lowest_success,action_noise_std=0.04
nominal,slide_track,widowx250_like,absolute_50,0.5,0.9,0.963134765625,0.4999786235296254,150,found_break,action_noise_std=0.038525390625
nominal,slide_track,widowx250_like,relative_drop_20,0.7200000000000001,0.9,0.29540110242296314,0.7199795219878063,148,found_break,latency_ms=39.326171875;action_noise_std=0.00983154296875
nominal,slide_track,widowx250_like,relative_drop_30,0.63,0.9,0.7248770862331825,0.6299618802146792,150,found_break,latency_ms=39.53125;acceleration_cap_scale=0.505859375
nominal,slide_track,so101_urdf,absolute_50,0.5,0.86,0.995849609375,0.49995026674273596,150,found_break,latency_ms=239.00390625
nominal,slide_track,so101_urdf,relative_drop_20,0.6880000000000001,0.86,0.2970149152497089,0.6879598135336823,150,found_break,latency_ms=39.541015625;action_noise_std=0.00988525390625
nominal,slide_track,so101_urdf,relative_drop_30,0.602,0.86,0.7,0.5892044221206512,150,found_break,friction_surface=low_friction
nominal,pick_place_bin,franka_panda,absolute_50,0.5,0.9,0.7929631709595235,0.49991609679319016,150,found_break,joint_range_scale=0.7476806640625;gripper_limit_scale=0.66357421875
nominal,pick_place_bin,franka_panda,relative_drop_20,0.7200000000000001,0.9,0.35026039814450355,0.7199998224766684,150,found_break,gripper_limit_scale=0.8068359375;calibration_offset_mm=4.8291015625
nominal,pick_place_bin,franka_panda,relative_drop_30,0.63,0.9,0.5996257464444686,0.6299517834177071,150,found_break,action_noise_std=0.004420166015625;gripper_limit_scale=0.64638671875
nominal,pick_place_bin,widowx250_like,absolute_50,0.5,0.78,0.4327346186948924,0.49991940648826677,150,found_break,joint_range_scale=0.8623046875;gripper_limit_scale=0.81640625
nominal,pick_place_bin,widowx250_like,relative_drop_20,0.6240000000000001,0.78,0.2943780587299649,0.6239888292755437,150,found_break,action_noise_std=0.004134521484375;gripper_limit_scale=0.8346191406250001
nominal,pick_place_bin,widowx250_like,relative_drop_30,0.5459999999999999,0.78,0.4004923502604165,0.5459798292608082,149,found_break,action_noise_std=0.00961181640625;gripper_limit_scale=0.8077636718750001
nominal,pick_place_bin,so101_urdf,absolute_50,0.5,0.92,0.39561638057882303,0.49994118549006095,150,found_break,gripper_limit_scale=0.819775390625;calibration_offset_mm=9.01123046875
nominal,pick_place_bin,so101_urdf,relative_drop_20,0.7360000000000001,0.92,0.10774923712423297,0.7359981480307166,149,found_break,action_noise_std=0.002838134765625;calibration_offset_mm=2.838134765625
nominal,pick_place_bin,so101_urdf,relative_drop_30,0.644,0.92,0.2771426264104599,0.6439897571441373,149,found_break,action_noise_std=0.004443359375;calibration_offset_mm=8.88671875
nominal,pull_ring,franka_panda,absolute_50,0.5,0.86,0.977061168032533,0.6083125251005113,150,no_break_found_returned_lowest_success,joint_range_scale=0.7;acceleration_cap_scale=0.5
nominal,pull_ring,franka_panda,relative_drop_20,0.6880000000000001,0.86,0.7446712151556133,0.6879614354151455,150,found_break,joint_range_scale=0.7046142578125;speed_cap_scale=0.75384521484375
nominal,pull_ring,franka_panda,relative_drop_30,0.602,0.86,0.977061168032533,0.6083125251005113,150,no_break_found_returned_lowest_success,joint_range_scale=0.7;acceleration_cap_scale=0.5
nominal,pull_ring,widowx250_like,absolute_50,0.5,0.9,0.7476255269439818,0.49992595573502285,150,found_break,joint_range_scale=0.7034423828124999;speed_cap_scale=0.75286865234375
nominal,pull_ring,widowx250_like,relative_drop_20,0.7200000000000001,0.9,0.3015919290797102,0.7199673902828834,150,found_break,action_noise_std=0.00423583984375;joint_range_scale=0.8729248046875
nominal,pull_ring,widowx250_like,relative_drop_30,0.63,0.9,0.4851910194770927,0.6299498551027218,150,found_break,joint_range_scale=0.851025390625;acceleration_cap_scale=0.751708984375
nominal,pull_ring,so101_urdf,absolute_50,0.5,0.78,0.6918362407707475,0.4999185561464922,150,found_break,action_noise_std=0.009716796875000001;joint_range_scale=0.70849609375
nominal,pull_ring,so101_urdf,relative_drop_20,0.6240000000000001,0.78,0.43516730023029576,0.6239467628194919,149,found_break,joint_range_scale=0.851318359375;calibration_offset_mm=9.912109375
nominal,pull_ring,so101_urdf,relative_drop_30,0.5459999999999999,0.78,0.6305923342890186,0.5459804540347628,150,found_break,action_noise_std=0.0046484375;joint_range_scale=0.72109375
nominal,constrained_place,franka_panda,absolute_50,0.5,0.88,0.8274332682291667,0.4999316860569602,150,found_break,joint_range_scale=0.7021240234374999;camera_shift_px=39.716796875
nominal,constrained_place,franka_panda,relative_drop_20,0.7040000000000001,0.88,0.2938168668455947,0.7039653151913698,150,found_break,action_noise_std=0.004710693359375;calibration_offset_mm=9.42138671875
nominal,constrained_place,franka_panda,relative_drop_30,0.616,0.88,0.545507116060937,0.6159782053527936,149,found_break,calibration_offset_mm=9.47265625;camera_shift_px=37.890625
nominal,constrained_place,widowx250_like,absolute_50,0.5,0.9,0.3845764219769214,0.4999878589621693,150,found_break,joint_range_scale=0.868603515625;calibration_offset_mm=8.759765625
nominal,constrained_place,widowx250_like,relative_drop_20,0.7200000000000001,0.9,0.10130745477573043,0.7199833918862861,149,found_break,action_noise_std=0.00266845703125;calibration_offset_mm=2.66845703125
nominal,constrained_place,widowx250_like,relative_drop_30,0.63,0.9,0.25053960845891493,0.6299782315264765,150,found_break,action_noise_std=0.008701171875;calibration_offset_mm=4.3505859375
nominal,constrained_place,so101_urdf,absolute_50,0.5,0.74,0.34716153213463063,0.4999333374306082,150,found_break,joint_range_scale=0.85640869140625;calibration_offset_mm=4.786376953125
nominal,constrained_place,so101_urdf,relative_drop_20,0.592,0.74,0.24041679599592844,0.5919623520859544,149,found_break,action_noise_std=0.008349609375;calibration_offset_mm=4.1748046875
nominal,constrained_place,so101_urdf,relative_drop_30,0.518,0.74,0.2950350761924539,0.5179738823120438,150,found_break,action_noise_std=0.004730224609375;calibration_offset_mm=9.46044921875
nominal,tool_push,franka_panda,absolute_50,0.5,0.94,1.0,0.7069094751236822,150,no_break_found_returned_lowest_success,calibration_offset_mm=35
nominal,tool_push,franka_panda,relative_drop_20,0.752,0.94,0.7193492330958828,0.7519657820806955,150,found_break,speed_cap_scale=0.532470703125;calibration_offset_mm=9.3505859375
nominal,tool_push,franka_panda,relative_drop_30,0.6579999999999999,0.94,1.0,0.7069094751236822,150,no_break_found_returned_lowest_success,calibration_offset_mm=35
nominal,tool_push,widowx250_like,absolute_50,0.5,0.88,1.0,0.5046252996877741,150,no_break_found_returned_lowest_success,physical_gripper_restriction_mm=20
nominal,tool_push,widowx250_like,relative_drop_20,0.7040000000000001,0.88,0.4236986053720096,0.7039696431266378,150,found_break,gripper_limit_scale=0.806982421875;calibration_offset_mm=9.65087890625
nominal,tool_push,widowx250_like,relative_drop_30,0.616,0.88,0.7347504438305728,0.6159702918455182,150,found_break,speed_cap_scale=0.5224609375;calibration_offset_mm=9.55078125
nominal,tool_push,so101_urdf,absolute_50,0.5,0.86,0.79833984375,0.4998898531972011,150,found_break,calibration_offset_mm=27.94189453125
nominal,tool_push,so101_urdf,relative_drop_20,0.6880000000000001,0.86,0.31011041685983604,0.6879720461799727,150,found_break,action_noise_std=0.0049719238281250005;calibration_offset_mm=9.94384765625
nominal,tool_push,so101_urdf,relative_drop_30,0.602,0.86,0.6675842775554998,0.6019660194183011,150,found_break,joint_range_scale=0.723876953125;calibration_offset_mm=9.2041015625
nominal,rotate_object,franka_panda,absolute_50,0.5,0.84,1.0,0.5946002614550316,150,no_break_found_returned_lowest_success,action_noise_std=0.04
nominal,rotate_object,franka_panda,relative_drop_20,0.672,0.84,0.5900211363108647,0.671964448792744,150,found_break,action_noise_std=0.004349365234375;gripper_limit_scale=0.65205078125
nominal,rotate_object,franka_panda,relative_drop_30,0.588,0.84,1.0,0.5946002614550316,150,no_break_found_returned_lowest_success,action_noise_std=0.04
nominal,rotate_object,widowx250_like,absolute_50,0.5,0.92,0.5787605589128466,0.49998487900954613,150,found_break,action_noise_std=0.004266357421875;gripper_limit_scale=0.65869140625
nominal,rotate_object,widowx250_like,relative_drop_20,0.7360000000000001,0.92,0.12364514608492626,0.7359956307964525,150,found_break,action_noise_std=0.0032568359375;calibration_offset_mm=3.2568359375
nominal,rotate_object,widowx250_like,relative_drop_30,0.644,0.92,0.2848446951390357,0.643973156815638,150,found_break,action_noise_std=0.009892578125;calibration_offset_mm=4.9462890625
nominal,rotate_object,so101_urdf,absolute_50,0.5,0.86,0.4283075201281433,0.49999987089018033,150,found_break,gripper_limit_scale=0.8048828125;calibration_offset_mm=9.755859375
nominal,rotate_object,so101_urdf,relative_drop_20,0.6880000000000001,0.86,0.15423202630083754,0.6879795138818583,149,found_break,action_noise_std=0.0040625;calibration_offset_mm=4.0625
nominal,rotate_object,so101_urdf,relative_drop_30,0.602,0.86,0.2810486404654158,0.601998000558095,150,found_break,action_noise_std=0.009760742187500001;calibration_offset_mm=4.88037109375
random_tuning,push_block,franka_panda,absolute_50,0.5,1.0,1.0,0.7336310507722383,150,no_break_found_returned_lowest_success,calibration_offset_mm=35
random_tuning,push_block,franka_panda,relative_drop_20,0.8,1.0,0.3662083749486834,0.7999925033079588,150,found_break,action_noise_std=0.00964599609375;calibration_offset_mm=9.64599609375
random_tuning,push_block,franka_panda,relative_drop_30,0.7,1.0,1.0,0.7336310507722383,150,no_break_found_returned_lowest_success,calibration_offset_mm=35
random_tuning,push_block,widowx250_like,absolute_50,0.5,0.78,1.0,0.577896187387944,150,no_break_found_returned_lowest_success,calibration_offset_mm=35
random_tuning,push_block,widowx250_like,relative_drop_20,0.6240000000000001,0.78,0.996337890625,0.6239989452433276,150,found_break,action_noise_std=0.039853515625
random_tuning,push_block,widowx250_like,relative_drop_30,0.5459999999999999,0.78,1.0,0.577896187387944,150,no_break_found_returned_lowest_success,calibration_offset_mm=35
random_tuning,push_block,so101_urdf,absolute_50,0.5,0.84,0.905517578125,0.4999539793268468,150,found_break,calibration_offset_mm=31.693115234375
random_tuning,push_block,so101_urdf,relative_drop_20,0.672,0.84,0.34489024631335125,0.6719670966410604,150,found_break,action_noise_std=0.00908447265625;calibration_offset_mm=9.08447265625
random_tuning,push_block,so101_urdf,relative_drop_30,0.588,0.84,0.9682617187500001,0.5879771526572023,150,found_break,action_noise_std=0.038730468750000004
random_tuning,press_button,franka_panda,absolute_50,0.5,0.88,1.0,0.6113187219981862,150,no_break_found_returned_lowest_success,calibration_offset_mm=35
random_tuning,press_button,franka_panda,relative_drop_20,0.7040000000000001,0.88,0.7145099628478625,0.7039585025578893,150,found_break,joint_range_scale=0.7044677734375;calibration_offset_mm=9.85107421875
random_tuning,press_button,franka_panda,relative_drop_30,0.616,0.88,0.986328125,0.6159556286182376,150,found_break,calibration_offset_mm=34.521484375
random_tuning,press_button,widowx250_like,absolute_50,0.5,0.68,0.822509765625,0.4999853221836198,150,found_break,calibration_offset_mm=28.787841796875
random_tuning,press_button,widowx250_like,relative_drop_20,0.544,0.68,0.9316406250000001,0.5439972322018709,150,found_break,action_noise_std=0.037265625000000004
random_tuning,press_button,widowx250_like,relative_drop_30,0.476,0.68,0.871826171875,0.47591419633852783,150,found_break,calibration_offset_mm=30.513916015625
random_tuning,press_button,so101_urdf,absolute_50,0.5,0.84,0.6776777268448005,0.49998905162995516,149,found_break,joint_range_scale=0.7197021484374999;calibration_offset_mm=9.34326171875
random_tuning,press_button,so101_urdf,relative_drop_20,0.672,0.84,0.24041679599592844,0.6719651441574047,150,found_break,action_noise_std=0.008349609375;calibration_offset_mm=4.1748046875
random_tuning,press_button,so101_urdf,relative_drop_30,0.588,0.84,0.3376606200804995,0.5879960504338663,150,found_break,action_noise_std=0.00889404296875;calibration_offset_mm=8.89404296875
random_tuning,slide_track,franka_panda,absolute_50,0.5,0.8,1.0101525445522108,0.6651694064848925,150,no_break_found_returned_lowest_success,speed_cap_scale=0.5;acceleration_cap_scale=0.5
random_tuning,slide_track,franka_panda,relative_drop_20,0.6400000000000001,0.8,1.0101525445522108,0.6651694064848925,150,no_break_found_returned_lowest_success,speed_cap_scale=0.5;acceleration_cap_scale=0.5
random_tuning,slide_track,franka_panda,relative_drop_30,0.5599999999999999,0.8,1.0101525445522108,0.6651694064848925,150,no_break_found_returned_lowest_success,speed_cap_scale=0.5;acceleration_cap_scale=0.5
random_tuning,slide_track,widowx250_like,absolute_50,0.5,0.88,1.0101525445522108,0.5200009386031835,150,no_break_found_returned_lowest_success,speed_cap_scale=0.5;acceleration_cap_scale=0.5
random_tuning,slide_track,widowx250_like,relative_drop_20,0.7040000000000001,0.88,0.27009358309445003,0.7039824197109044,150,found_break,latency_ms=35.95703125;action_noise_std=0.0089892578125
random_tuning,slide_track,widowx250_like,relative_drop_30,0.616,0.88,0.7098351704121382,0.6159893357204822,150,found_break,latency_ms=38.7109375;acceleration_cap_scale=0.51611328125
random_tuning,slide_track,so101_urdf,absolute_50,0.5,0.9,0.9665527343750001,0.49996866809522184,150,found_break,action_noise_std=0.038662109375
random_tuning,slide_track,so101_urdf,relative_drop_20,0.7200000000000001,0.9,0.17823809289453763,0.7199843129669827,150,found_break,action_noise_std=0.00469482421875;calibration_offset_mm=4.69482421875
random_tuning,slide_track,so101_urdf,relative_drop_30,0.63,0.9,0.3846232096354167,0.629983631004177,150,found_break,latency_ms=73.84765625;action_noise_std=0.00923095703125
random_tuning,pick_place_bin,franka_panda,absolute_50,0.5,0.78,0.7948045948688635,0.4999730599007904,150,found_break,joint_range_scale=0.7470947265625;gripper_limit_scale=0.66279296875
random_tuning,pick_place_bin,franka_panda,relative_drop_20,0.6240000000000001,0.78,0.5800923560866135,0.6239691813732194,150,found_break,gripper_limit_scale=0.8069335937500001;camera_shift_px=38.61328125
random_tuning,pick_place_bin,franka_panda,relative_drop_30,0.5459999999999999,0.78,0.7123850261553781,0.5459987958207441,150,found_break,gripper_limit_scale=0.60712890625;calibration_offset_mm=9.82177734375
random_tuning,pick_place_bin,widowx250_like,absolute_50,0.5,0.78,0.43204408472888994,0.4999811827173786,150,found_break,joint_range_scale=0.8625244140624999;gripper_limit_scale=0.8166992187500001
random_tuning,pick_place_bin,widowx250_like,relative_drop_20,0.6240000000000001,0.78,0.25552745576205993,0.6239827416598565,150,found_break,action_noise_std=0.0035888671875000003;gripper_limit_scale=0.8564453125
random_tuning,pick_place_bin,widowx250_like,relative_drop_30,0.5459999999999999,0.78,0.39571126302083337,0.5459852953749474,150,found_break,action_noise_std=0.0094970703125;gripper_limit_scale=0.81005859375
random_tuning,pick_place_bin,so101_urdf,absolute_50,0.5,0.78,0.40654915511662854,0.49994141634890316,150,found_break,gripper_limit_scale=0.814794921875;calibration_offset_mm=9.26025390625
random_tuning,pick_place_bin,so101_urdf,relative_drop_20,0.6240000000000001,0.78,0.28186318762953916,0.6239989484556535,150,found_break,action_noise_std=0.00451904296875;calibration_offset_mm=9.0380859375
random_tuning,pick_place_bin,so101_urdf,relative_drop_30,0.5459999999999999,0.78,0.3452136734998532,0.5459594356250281,150,found_break,gripper_limit_scale=0.8096191406250001;calibration_offset_mm=4.759521484375
random_tuning,pull_ring,franka_panda,absolute_50,0.5,0.8,0.977061168032533,0.5908444152682235,150,no_break_found_returned_lowest_success,joint_range_scale=0.7;acceleration_cap_scale=0.5
random_tuning,pull_ring,franka_panda,relative_drop_20,0.6400000000000001,0.8,0.9395865497407186,0.6399622227686814,150,found_break,joint_range_scale=0.7010253906249999;gripper_limit_scale=0.6013671875
random_tuning,pull_ring,franka_panda,relative_drop_30,0.5599999999999999,0.8,0.977061168032533,0.5908444152682235,150,no_break_found_returned_lowest_success,joint_range_scale=0.7;acceleration_cap_scale=0.5
random_tuning,pull_ring,widowx250_like,absolute_50,0.5,0.82,0.7563038178223139,0.49995534630231175,150,found_break,joint_range_scale=0.7;speed_cap_scale=0.75
random_tuning,pull_ring,widowx250_like,relative_drop_20,0.656,0.82,0.39164225260416663,0.655977587102145,149,found_break,action_noise_std=0.0093994140625;joint_range_scale=0.8590087890625
random_tuning,pull_ring,widowx250_like,relative_drop_30,0.574,0.82,0.6406937346019468,0.5739818822011133,150,found_break,action_noise_std=0.004722900390625;joint_range_scale=0.7166259765624999
random_tuning,pull_ring,so101_urdf,absolute_50,0.5,0.86,0.710609686500205,0.4999821785767521,150,found_break,action_noise_std=0.00998046875;joint_range_scale=0.7005859375
random_tuning,pull_ring,so101_urdf,relative_drop_20,0.6880000000000001,0.86,0.23119150759424473,0.6879914654575495,150,found_break,action_noise_std=0.0032470703125;joint_range_scale=0.902587890625
random_tuning,pull_ring,so101_urdf,relative_drop_30,0.602,0.86,0.4137481923711983,0.6019591507888957,150,found_break,joint_range_scale=0.87296142578125;speed_cap_scale=0.78826904296875
random_tuning,constrained_place,franka_panda,absolute_50,0.5,0.74,0.8231608072916667,0.4999318839639407,150,found_break,joint_range_scale=0.703662109375;camera_shift_px=39.51171875
random_tuning,constrained_place,franka_panda,relative_drop_20,0.592,0.74,0.565190362516744,0.5919929811190338,150,found_break,calibration_offset_mm=9.814453125;camera_shift_px=39.2578125
random_tuning,constrained_place,franka_panda,relative_drop_30,0.518,0.74,0.7205306168099016,0.5179934298955833,150,found_break,joint_range_scale=0.7019775390624999;calibration_offset_mm=9.93408203125
random_tuning,constrained_place,widowx250_like,absolute_50,0.5,0.8,0.39400861961738115,0.49993546061294436,150,found_break,joint_range_scale=0.865380859375;calibration_offset_mm=8.974609375
random_tuning,constrained_place,widowx250_like,relative_drop_20,0.6400000000000001,0.8,0.18185290601096352,0.6399820849197679,150,found_break,action_noise_std=0.0047900390625;calibration_offset_mm=4.7900390625
random_tuning,constrained_place,widowx250_like,relative_drop_30,0.5599999999999999,0.8,0.32476115783469134,0.5599621051804818,150,found_break,joint_range_scale=0.865673828125;calibration_offset_mm=4.4775390625
random_tuning,constrained_place,so101_urdf,absolute_50,0.5,0.76,0.3503489371733572,0.49998272665172094,150,found_break,joint_range_scale=0.85509033203125;calibration_offset_mm=4.830322265625
random_tuning,constrained_place,so101_urdf,relative_drop_20,0.6080000000000001,0.76,0.178516155441955,0.6079823977050328,150,found_break,action_noise_std=0.0047021484375;calibration_offset_mm=4.7021484375
random_tuning,constrained_place,so101_urdf,relative_drop_30,0.5319999999999999,0.76,0.2890201675423368,0.5319775397693964,150,found_break,action_noise_std=0.0046337890625;calibration_offset_mm=9.267578125
random_tuning,tool_push,franka_panda,absolute_50,0.5,0.82,1.0,0.5989509849956944,150,no_break_found_returned_lowest_success,tool_extension_cm=20
random_tuning,tool_push,franka_panda,relative_drop_20,0.656,0.82,0.814697265625,0.6559522023837155,150,found_break,tool_extension_cm=16.2939453125
random_tuning,tool_push,franka_panda,relative_drop_30,0.574,0.82,1.0,0.5989509849956944,150,no_break_found_returned_lowest_success,tool_extension_cm=20
random_tuning,tool_push,widowx250_like,absolute_50,0.5,0.82,0.816650390625,0.499899880987144,150,found_break,tool_extension_cm=16.3330078125
random_tuning,tool_push,widowx250_like,relative_drop_20,0.656,0.82,0.4578857421875,0.6559728567370825,150,found_break,tool_extension_cm=9.15771484375
random_tuning,tool_push,widowx250_like,relative_drop_30,0.574,0.82,0.9677580953876921,0.5739538887368377,150,found_break,joint_range_scale=0.7028564453124999;speed_cap_scale=0.5047607421875
random_tuning,tool_push,so101_urdf,absolute_50,0.5,0.82,0.893798828125,0.4999379510544649,150,found_break,calibration_offset_mm=31.282958984375
random_tuning,tool_push,so101_urdf,relative_drop_20,0.656,0.82,0.34961730961944665,0.6559715507637736,150,found_break,action_noise_std=0.009208984375;calibration_offset_mm=9.208984375
random_tuning,tool_push,so101_urdf,relative_drop_30,0.574,0.82,0.6295714436912269,0.5739544504715097,150,found_break,speed_cap_scale=0.5908203125;calibration_offset_mm=8.18359375
random_tuning,rotate_object,franka_panda,absolute_50,0.5,0.92,0.977061168032533,0.577917742179647,150,no_break_found_returned_lowest_success,gripper_limit_scale=0.6;acceleration_cap_scale=0.5
random_tuning,rotate_object,franka_panda,relative_drop_20,0.7360000000000001,0.92,0.20020673537906555,0.7359812724292562,150,found_break,action_noise_std=0.006953125;calibration_offset_mm=3.4765625
random_tuning,rotate_object,franka_panda,relative_drop_30,0.644,0.92,0.5843908476118559,0.6439737335701355,150,found_break,action_noise_std=0.004307861328125;gripper_limit_scale=0.6553710937499999
random_tuning,rotate_object,widowx250_like,absolute_50,0.5,0.76,0.5850532345176215,0.4999313041754844,150,found_break,action_noise_std=0.004312744140625;gripper_limit_scale=0.65498046875
random_tuning,rotate_object,widowx250_like,relative_drop_20,0.6080000000000001,0.76,0.3186270927971808,0.6079639271279823,150,found_break,action_noise_std=0.0044750976562500005;gripper_limit_scale=0.82099609375
random_tuning,rotate_object,widowx250_like,relative_drop_30,0.5319999999999999,0.76,0.5159993995915394,0.5319587643032069,150,found_break,action_noise_std=0.0038037109375;gripper_limit_scale=0.695703125
random_tuning,rotate_object,so101_urdf,absolute_50,0.5,0.68,0.5583921615605492,0.49995258309807966,150,found_break,action_noise_std=0.0041162109375;gripper_limit_scale=0.670703125
random_tuning,rotate_object,so101_urdf,relative_drop_20,0.544,0.68,0.3556419981468231,0.543962556183216,150,found_break,action_noise_std=0.00936767578125;calibration_offset_mm=9.36767578125
random_tuning,rotate_object,so101_urdf,relative_drop_30,0.476,0.68,0.610555130389604,0.47598816625887314,150,found_break,action_noise_std=0.004500732421875;gripper_limit_scale=0.63994140625
domain_randomization,push_block,franka_panda,absolute_50,0.5,0.92,1.0,0.762865197921398,150,no_break_found_returned_lowest_success,calibration_offset_mm=35
domain_randomization,push_block,franka_panda,relative_drop_20,0.7360000000000001,0.92,1.0,0.762865197921398,150,no_break_found_returned_lowest_success,calibration_offset_mm=35
domain_randomization,push_block,franka_panda,relative_drop_30,0.644,0.92,1.0,0.762865197921398,150,no_break_found_returned_lowest_success,calibration_offset_mm=35
domain_randomization,push_block,widowx250_like,absolute_50,0.5,0.8,1.0,0.6111865885882175,150,no_break_found_returned_lowest_success,calibration_offset_mm=35
domain_randomization,push_block,widowx250_like,relative_drop_20,0.6400000000000001,0.8,0.91259765625,0.6399428960780472,150,found_break,calibration_offset_mm=31.94091796875
domain_randomization,push_block,widowx250_like,relative_drop_30,0.5599999999999999,0.8,1.0,0.6111865885882175,150,no_break_found_returned_lowest_success,calibration_offset_mm=35
domain_randomization,push_block,so101_urdf,absolute_50,0.5,0.86,0.982421875,0.499998451902484,150,found_break,calibration_offset_mm=34.384765625
domain_randomization,push_block,so101_urdf,relative_drop_20,0.6880000000000001,0.86,0.3602763739371127,0.6879801992409799,150,found_break,action_noise_std=0.00948974609375;calibration_offset_mm=9.48974609375
domain_randomization,push_block,so101_urdf,relative_drop_30,0.602,0.86,0.9995117187499999,0.6019718915543159,150,found_break,action_noise_std=0.03998046875
domain_randomization,press_button,franka_panda,absolute_50,0.5,0.88,1.0,0.6457849101136185,150,no_break_found_returned_lowest_success,calibration_offset_mm=35
domain_randomization,press_button,franka_panda,relative_drop_20,0.7040000000000001,0.88,0.80908203125,0.7039741335110821,150,found_break,calibration_offset_mm=28.31787109375
domain_randomization,press_button,franka_panda,relative_drop_30,0.616,0.88,1.0,0.6457849101136185,150,no_break_found_returned_lowest_success,calibration_offset_mm=35
domain_randomization,press_button,widowx250_like,absolute_50,0.5,0.88,0.89208984375,0.49999255339073245,150,found_break,calibration_offset_mm=31.22314453125
domain_randomization,press_button,widowx250_like,relative_drop_20,0.7040000000000001,0.88,0.2798074593567143,0.7039672291830926,150,found_break,action_noise_std=0.004486083984375;calibration_offset_mm=8.97216796875
domain_randomization,press_button,widowx250_like,relative_drop_30,0.616,0.88,0.6590845307855625,0.6159823908010932,150,found_break,joint_range_scale=0.7273925781249999;calibration_offset_mm=9.0869140625
domain_randomization,press_button,so101_urdf,absolute_50,0.5,0.88,0.974609375,0.4999668875813672,150,found_break,action_noise_std=0.038984375
domain_randomization,press_button,so101_urdf,relative_drop_20,0.7040000000000001,0.88,0.21988998183487254,0.7039627255074751,150,found_break,action_noise_std=0.00763671875;calibration_offset_mm=3.818359375
domain_randomization,press_button,so101_urdf,relative_drop_30,0.616,0.88,0.3333043068376273,0.6159415704887128,149,found_break,action_noise_std=0.008779296875;calibration_offset_mm=8.779296875
domain_randomization,slide_track,franka_panda,absolute_50,0.5,0.88,1.0101525445522108,0.7073886100948048,150,no_break_found_returned_lowest_success,speed_cap_scale=0.5;acceleration_cap_scale=0.5
domain_randomization,slide_track,franka_panda,relative_drop_20,0.7040000000000001,0.88,1.0101525445522108,0.7073886100948048,150,no_break_found_returned_lowest_success,speed_cap_scale=0.5;acceleration_cap_scale=0.5
domain_randomization,slide_track,franka_panda,relative_drop_30,0.616,0.88,1.0101525445522108,0.7073886100948048,150,no_break_found_returned_lowest_success,speed_cap_scale=0.5;acceleration_cap_scale=0.5
domain_randomization,slide_track,widowx250_like,absolute_50,0.5,0.8,1.0,0.5579547099085751,150,no_break_found_returned_lowest_success,action_noise_std=0.04
domain_randomization,slide_track,widowx250_like,relative_drop_20,0.6400000000000001,0.8,0.6677183928824931,0.6399929540029964,150,found_break,action_noise_std=0.0088232421875;acceleration_cap_scale=0.558837890625
domain_randomization,slide_track,widowx250_like,relative_drop_30,0.5599999999999999,0.8,0.994140625,0.559960537215339,150,found_break,action_noise_std=0.039765625
domain_randomization,slide_track,so101_urdf,absolute_50,0.5,0.8,1.0,0.5094970107676141,150,no_break_found_returned_lowest_success,action_noise_std=0.04
domain_randomization,slide_track,so101_urdf,relative_drop_20,0.6400000000000001,0.8,0.41585286458333337,0.6399965299364354,150,found_break,latency_ms=79.84375;action_noise_std=0.00998046875
domain_randomization,slide_track,so101_urdf,relative_drop_30,0.5599999999999999,0.8,0.86572265625,0.5599849967186221,150,found_break,action_noise_std=0.03462890625
domain_randomization,pick_place_bin,franka_panda,absolute_50,0.5,0.82,0.9405072616953886,0.49997520167434106,150,found_break,joint_range_scale=0.700732421875;gripper_limit_scale=0.6009765625
domain_randomization,pick_place_bin,franka_panda,relative_drop_20,0.656,0.82,0.5706463193172159,0.655985751123662,150,found_break,action_noise_std=0.00420654296875;gripper_limit_scale=0.6634765625
domain_randomization,pick_place_bin,franka_panda,relative_drop_30,0.574,0.82,0.7446281057885044,0.5739937068779039,150,found_break,joint_range_scale=0.850146484375;gripper_limit_scale=0.600390625
domain_randomization,pick_place_bin,widowx250_like,absolute_50,0.5,0.76,0.5746206407518105,0.49994531429400046,150,found_break,action_noise_std=0.00423583984375;gripper_limit_scale=0.6611328125
domain_randomization,pick_place_bin,widowx250_like,relative_drop_20,0.6080000000000001,0.76,0.34548354988237695,0.6079926555538258,148,found_break,action_noise_std=0.004852294921875;gripper_limit_scale=0.805908203125
domain_randomization,pick_place_bin,widowx250_like,relative_drop_30,0.5319999999999999,0.76,0.45690330750497943,0.5319498152475205,150,found_break,joint_range_scale=0.8546142578125;gripper_limit_scale=0.80615234375
domain_randomization,pick_place_bin,so101_urdf,absolute_50,0.5,0.66,0.5852272150808046,0.49996533057093123,150,found_break,gripper_limit_scale=0.8052246093750001;camera_shift_px=38.955078125
domain_randomization,pick_place_bin,so101_urdf,relative_drop_20,0.528,0.66,0.42080463564141407,0.527977700723433,150,found_break,gripper_limit_scale=0.80830078125;calibration_offset_mm=9.5849609375
domain_randomization,pick_place_bin,so101_urdf,relative_drop_30,0.46199999999999997,0.66,0.6284395768452798,0.46196372956828624,150,found_break,action_noise_std=0.004632568359375;gripper_limit_scale=0.62939453125
domain_randomization,pull_ring,franka_panda,absolute_50,0.5,0.92,0.977061168032533,0.6385630912671207,150,no_break_found_returned_lowest_success,joint_range_scale=0.7;acceleration_cap_scale=0.5
domain_randomization,pull_ring,franka_panda,relative_drop_20,0.7360000000000001,0.92,0.6092303565780725,0.7359764347123062,150,found_break,action_noise_std=0.004490966796875;joint_range_scale=0.7305419921874999
domain_randomization,pull_ring,franka_panda,relative_drop_30,0.644,0.92,0.976345547059853,0.6439770315683812,150,found_break,joint_range_scale=0.7002197265625;speed_cap_scale=0.5003662109375
domain_randomization,pull_ring,widowx250_like,absolute_50,0.5,0.76,0.9100313369248323,0.4999998087593843,150,found_break,joint_range_scale=0.7205810546875;speed_cap_scale=0.5343017578125
domain_randomization,pull_ring,widowx250_like,relative_drop_20,0.6080000000000001,0.76,0.6579157941518569,0.6079584076781185,150,found_break,action_noise_std=0.0048498535156250005;joint_range_scale=0.7090087890625
domain_randomization,pull_ring,widowx250_like,relative_drop_30,0.5319999999999999,0.76,0.9052900294292615,0.5319296417626126,150,found_break,joint_range_scale=0.7119384765625;gripper_limit_scale=0.61591796875
domain_randomization,pull_ring,so101_urdf,absolute_50,0.5,0.88,0.7550113064149028,0.49999945328011025,150,found_break,joint_range_scale=0.7005126953124999;speed_cap_scale=0.75042724609375
domain_randomization,pull_ring,so101_urdf,relative_drop_20,0.7040000000000001,0.88,0.25196397763748696,0.7039979752441111,150,found_break,action_noise_std=0.0035388183593750002;joint_range_scale=0.89383544921875
domain_randomization,pull_ring,so101_urdf,relative_drop_30,0.616,0.88,0.46932808791601777,0.6159804323147955,150,found_break,joint_range_scale=0.85589599609375;speed_cap_scale=0.75982666015625
domain_randomization,constrained_place,franka_panda,absolute_50,0.5,0.92,0.9140625,0.49997973781010663,150,found_break,obstacle_clearance_cm=9.140625
domain_randomization,constrained_place,franka_panda,relative_drop_20,0.7360000000000001,0.92,0.16475205934479492,0.7359952283099921,150,found_break,action_noise_std=0.0043395996093750005;calibration_offset_mm=4.339599609375
domain_randomization,constrained_place,franka_panda,relative_drop_30,0.644,0.92,0.4295937288972968,0.6439751166770883,150,found_break,joint_range_scale=0.85322265625;calibration_offset_mm=9.78515625
domain_randomization,constrained_place,widowx250_like,absolute_50,0.5,0.7,0.561394307843124,0.4999506491135162,150,found_break,calibration_offset_mm=9.74853515625;camera_shift_px=38.994140625
domain_randomization,constrained_place,widowx250_like,relative_drop_20,0.5599999999999999,0.7,0.3632423744428981,0.5599792535416462,150,found_break,action_noise_std=0.00956787109375;calibration_offset_mm=9.56787109375
domain_randomization,constrained_place,widowx250_like,relative_drop_30,0.48999999999999994,0.7,0.6199941437967662,0.4899280402856015,150,found_break,action_noise_std=0.0045703125;joint_range_scale=0.7257812499999999
domain_randomization,constrained_place,so101_urdf,absolute_50,0.5,0.7,0.3666718125277123,0.49995880950641347,150,found_break,action_noise_std=0.009658203125;calibration_offset_mm=9.658203125
domain_randomization,constrained_place,so101_urdf,relative_drop_20,0.5599999999999999,0.7,0.27988359744089303,0.5599660930485991,148,found_break,action_noise_std=0.0044873046875;calibration_offset_mm=8.974609375
domain_randomization,constrained_place,so101_urdf,relative_drop_30,0.48999999999999994,0.7,0.3733220952468275,0.48996194514853036,150,found_break,joint_range_scale=0.87244873046875;calibration_offset_mm=8.50341796875
domain_randomization,tool_push,franka_panda,absolute_50,0.5,0.84,1.0,0.7104280683148919,150,no_break_found_returned_lowest_success,physical_gripper_restriction_mm=20
domain_randomization,tool_push,franka_panda,relative_drop_20,0.672,0.84,1.0,0.7104280683148919,150,no_break_found_returned_lowest_success,physical_gripper_restriction_mm=20
domain_randomization,tool_push,franka_panda,relative_drop_30,0.588,0.84,1.0,0.7104280683148919,150,no_break_found_returned_lowest_success,physical_gripper_restriction_mm=20
domain_randomization,tool_push,widowx250_like,absolute_50,0.5,0.82,1.0,0.5272078505204698,150,no_break_found_returned_lowest_success,physical_gripper_restriction_mm=20
domain_randomization,tool_push,widowx250_like,relative_drop_20,0.656,0.82,0.7226555535023859,0.6559903851468801,150,found_break,joint_range_scale=0.7010986328125;calibration_offset_mm=9.96337890625
domain_randomization,tool_push,widowx250_like,relative_drop_30,0.574,0.82,0.868896484375,0.5739401998235237,150,found_break,physical_gripper_restriction_mm=17.3779296875
domain_randomization,tool_push,so101_urdf,absolute_50,0.5,0.8,0.969482421875,0.4999072915026343,150,found_break,calibration_offset_mm=33.931884765625
domain_randomization,tool_push,so101_urdf,relative_drop_20,0.6400000000000001,0.8,0.4493263799426232,0.639983837534317,149,found_break,speed_cap_scale=0.75439453125;calibration_offset_mm=9.82421875
domain_randomization,tool_push,so101_urdf,relative_drop_30,0.5599999999999999,0.8,0.811767578125,0.5599393210098117,150,found_break,calibration_offset_mm=28.411865234375
domain_randomization,rotate_object,franka_panda,absolute_50,0.5,0.84,0.7253117243679913,0.6210725980859719,150,no_break_found_returned_lowest_success,gripper_limit_scale=0.6;calibration_offset_mm=10
domain_randomization,rotate_object,franka_panda,relative_drop_20,0.672,0.84,0.6049248416905947,0.6719795043387138,150,found_break,action_noise_std=0.004459228515625;gripper_limit_scale=0.64326171875
domain_randomization,rotate_object,franka_panda,relative_drop_30,0.588,0.84,0.7253117243679913,0.6210725980859719,150,no_break_found_returned_lowest_success,gripper_limit_scale=0.6;calibration_offset_mm=10
domain_randomization,rotate_object,widowx250_like,absolute_50,0.5,0.72,0.6179592552613082,0.4999215181850518,150,found_break,action_noise_std=0.008679199218750001;gripper_limit_scale=0.65283203125
domain_randomization,rotate_object,widowx250_like,relative_drop_20,0.576,0.72,0.41625976562499994,0.5759974494072979,150,found_break,action_noise_std=0.009990234375;gripper_limit_scale=0.8001953125000001
domain_randomization,rotate_object,widowx250_like,relative_drop_30,0.504,0.72,0.6744754667960011,0.5039921433100218,150,found_break,action_noise_std=0.0049719238281250005;gripper_limit_scale=0.60224609375
domain_randomization,rotate_object,so101_urdf,absolute_50,0.5,0.74,0.6527822956321722,0.4999345545421965,150,found_break,action_noise_std=0.00481201171875;gripper_limit_scale=0.6150390625
domain_randomization,rotate_object,so101_urdf,relative_drop_20,0.592,0.74,0.3092055527281214,0.591986412852342,150,found_break,action_noise_std=0.00814453125;calibration_offset_mm=8.14453125
domain_randomization,rotate_object,so101_urdf,relative_drop_30,0.518,0.74,0.609892743483838,0.517980154669795,150,found_break,action_noise_std=0.004495849609375;gripper_limit_scale=0.64033203125
grid_worstcase,push_block,franka_panda,absolute_50,0.5,0.92,1.0,0.7620038597192914,150,no_break_found_returned_lowest_success,calibration_offset_mm=35
grid_worstcase,push_block,franka_panda,relative_drop_20,0.7360000000000001,0.92,1.0,0.7620038597192914,150,no_break_found_returned_lowest_success,calibration_offset_mm=35
grid_worstcase,push_block,franka_panda,relative_drop_30,0.644,0.92,1.0,0.7620038597192914,150,no_break_found_returned_lowest_success,calibration_offset_mm=35
grid_worstcase,push_block,widowx250_like,absolute_50,0.5,0.84,1.0,0.6373737457833446,150,no_break_found_returned_lowest_success,calibration_offset_mm=35
grid_worstcase,push_block,widowx250_like,relative_drop_20,0.672,0.84,0.9591706437155311,0.6719944804627059,150,found_break,gripper_limit_scale=0.60732421875;acceleration_cap_scale=0.5091552734375
grid_worstcase,push_block,widowx250_like,relative_drop_30,0.588,0.84,1.0,0.6373737457833446,150,no_break_found_returned_lowest_success,calibration_offset_mm=35
grid_worstcase,push_block,so101_urdf,absolute_50,0.5,0.76,1.0,0.541542637974769,150,no_break_found_returned_lowest_success,calibration_offset_mm=35
grid_worstcase,push_block,so101_urdf,relative_drop_20,0.6080000000000001,0.76,0.81298828125,0.6079358271520676,150,found_break,calibration_offset_mm=28.45458984375
grid_worstcase,push_block,so101_urdf,relative_drop_30,0.5319999999999999,0.76,1.0,0.541542637974769,150,no_break_found_returned_lowest_success,calibration_offset_mm=35
grid_worstcase,press_button,franka_panda,absolute_50,0.5,0.84,1.2018504251546631,0.6469042126368033,150,no_break_found_returned_lowest_success,joint_range_scale=0.7;camera_shift_px=80
grid_worstcase,press_button,franka_panda,relative_drop_20,0.672,0.84,0.9794921875,0.6719585929843709,150,found_break,calibration_offset_mm=34.2822265625
grid_worstcase,press_button,franka_panda,relative_drop_30,0.588,0.84,1.2018504251546631,0.6469042126368033,150,no_break_found_returned_lowest_success,joint_range_scale=0.7;camera_shift_px=80
grid_worstcase,press_button,widowx250_like,absolute_50,0.5,0.86,1.2018504251546631,0.47567584937270196,150,found_break,joint_range_scale=0.7;camera_shift_px=80
grid_worstcase,press_button,widowx250_like,relative_drop_20,0.6880000000000001,0.86,0.30912062176551297,0.687977350949296,150,found_break,action_noise_std=0.0049560546875;calibration_offset_mm=9.912109375
grid_worstcase,press_button,widowx250_like,relative_drop_30,0.602,0.86,0.6879482541918082,0.6019766787770064,150,found_break,joint_range_scale=0.7154541015625;calibration_offset_mm=9.48486328125
grid_worstcase,press_button,so101_urdf,absolute_50,0.5,0.9,0.75341796875,0.49994410920151167,150,found_break,calibration_offset_mm=26.36962890625
grid_worstcase,press_button,so101_urdf,relative_drop_20,0.7200000000000001,0.9,0.15437105757454622,0.7199947233768529,150,found_break,action_noise_std=0.004066162109375;calibration_offset_mm=4.066162109375
grid_worstcase,press_button,so101_urdf,relative_drop_30,0.63,0.9,0.327650368373474,0.6299582492361885,150,found_break,action_noise_std=0.00863037109375;calibration_offset_mm=8.63037109375
grid_worstcase,slide_track,franka_panda,absolute_50,0.5,0.84,1.0101525445522108,0.6839936348170382,150,no_break_found_returned_lowest_success,speed_cap_scale=0.5;acceleration_cap_scale=0.5
grid_worstcase,slide_track,franka_panda,relative_drop_20,0.672,0.84,1.0101525445522108,0.6839936348170382,150,no_break_found_returned_lowest_success,speed_cap_scale=0.5;acceleration_cap_scale=0.5
grid_worstcase,slide_track,franka_panda,relative_drop_30,0.588,0.84,1.0101525445522108,0.6839936348170382,150,no_break_found_returned_lowest_success,speed_cap_scale=0.5;acceleration_cap_scale=0.5
grid_worstcase,slide_track,widowx250_like,absolute_50,0.5,0.86,1.0101525445522108,0.557463846547804,150,no_break_found_returned_lowest_success,speed_cap_scale=0.5;acceleration_cap_scale=0.5
grid_worstcase,slide_track,widowx250_like,relative_drop_20,0.6880000000000001,0.86,0.372314453125,0.6879870863987829,149,found_break,latency_ms=71.484375;action_noise_std=0.008935546875
grid_worstcase,slide_track,widowx250_like,relative_drop_30,0.602,0.86,0.9031136675222583,0.6019757798922887,150,found_break,joint_range_scale=0.722705078125;acceleration_cap_scale=0.537841796875
grid_worstcase,slide_track,so101_urdf,absolute_50,0.5,0.82,1.0101525445522108,0.501526650969532,150,no_break_found_returned_lowest_success,speed_cap_scale=0.5;acceleration_cap_scale=0.5
grid_worstcase,slide_track,so101_urdf,relative_drop_20,0.656,0.82,0.3782577520034363,0.6559950946163406,150,found_break,action_noise_std=0.00996337890625;calibration_offset_mm=9.96337890625
grid_worstcase,slide_track,so101_urdf,relative_drop_30,0.574,0.82,0.7475342052027025,0.5739980698009034,150,found_break,action_noise_std=0.0098779296875;acceleration_cap_scale=0.506103515625
grid_worstcase,pick_place_bin,franka_panda,absolute_50,0.5,0.9,0.8965432658598967,0.49992045151261527,150,found_break,joint_range_scale=0.7147216796875;gripper_limit_scale=0.61962890625
grid_worstcase,pick_place_bin,franka_panda,relative_drop_20,0.7200000000000001,0.9,0.25361534554887444,0.7199940540971956,150,found_break,action_noise_std=0.00356201171875;gripper_limit_scale=0.85751953125
grid_worstcase,pick_place_bin,franka_panda,relative_drop_30,0.63,0.9,0.5903523297637477,0.6299540362989758,150,found_break,action_noise_std=0.004351806640625;gripper_limit_scale=0.65185546875
grid_worstcase,pick_place_bin,widowx250_like,absolute_50,0.5,0.74,0.600191661292447,0.49995555251731916,150,found_break,gripper_limit_scale=0.800244140625;camera_shift_px=39.951171875
grid_worstcase,pick_place_bin,widowx250_like,relative_drop_20,0.592,0.74,0.34617886268717163,0.5919742898749802,149,found_break,action_noise_std=0.004862060546875;gripper_limit_scale=0.805517578125
grid_worstcase,pick_place_bin,widowx250_like,relative_drop_30,0.518,0.74,0.4531053706919657,0.5179680648077318,150,found_break,joint_range_scale=0.85582275390625;gripper_limit_scale=0.8077636718750001
grid_worstcase,pick_place_bin,so101_urdf,absolute_50,0.5,0.74,0.4496527008619533,0.4999958957911382,150,found_break,joint_range_scale=0.85692138671875;gripper_limit_scale=0.8092285156250001
grid_worstcase,pick_place_bin,so101_urdf,relative_drop_20,0.592,0.74,0.319670062004373,0.5919738211035553,149,found_break,action_noise_std=0.00448974609375;gripper_limit_scale=0.82041015625
grid_worstcase,pick_place_bin,so101_urdf,relative_drop_30,0.518,0.74,0.43763253370450683,0.5179588366627946,150,found_break,gripper_limit_scale=0.800634765625;calibration_offset_mm=9.96826171875
grid_worstcase,pull_ring,franka_panda,absolute_50,0.5,0.84,0.977061168032533,0.6186681121142471,150,no_break_found_returned_lowest_success,joint_range_scale=0.7;acceleration_cap_scale=0.5
grid_worstcase,pull_ring,franka_panda,relative_drop_20,0.672,0.84,0.7409783254201527,0.6719775662806737,150,found_break,joint_range_scale=0.7060791015625;speed_cap_scale=0.75506591796875
grid_worstcase,pull_ring,franka_panda,relative_drop_30,0.588,0.84,0.977061168032533,0.6186681121142471,150,no_break_found_returned_lowest_success,joint_range_scale=0.7;acceleration_cap_scale=0.5
grid_worstcase,pull_ring,widowx250_like,absolute_50,0.5,0.74,0.869956562454748,0.49998452848836095,150,found_break,joint_range_scale=0.7328857421874999;speed_cap_scale=0.5548095703125
grid_worstcase,pull_ring,widowx250_like,relative_drop_20,0.592,0.74,0.656425423613884,0.5919554356339617,150,found_break,action_noise_std=0.0048388671875;joint_range_scale=0.7096679687499999
grid_worstcase,pull_ring,widowx250_like,relative_drop_30,0.518,0.74,0.9006864696559116,0.5179555124407477,150,found_break,joint_range_scale=0.7134033203125;gripper_limit_scale=0.61787109375
grid_worstcase,pull_ring,so101_urdf,absolute_50,0.5,0.8,0.7208520763618931,0.4999368500390222,150,found_break,joint_range_scale=0.7140624999999999;speed_cap_scale=0.76171875
grid_worstcase,pull_ring,so101_urdf,relative_drop_20,0.6400000000000001,0.8,0.39876302083333337,0.6399750712930914,150,found_break,action_noise_std=0.0095703125;joint_range_scale=0.8564453125
grid_worstcase,pull_ring,so101_urdf,relative_drop_30,0.5599999999999999,0.8,0.6551006498023523,0.5599673231504126,150,found_break,action_noise_std=0.0048291015625;joint_range_scale=0.71025390625
grid_worstcase,constrained_place,franka_panda,absolute_50,0.5,0.78,1.2018504251546631,0.42965173967112447,150,found_break,joint_range_scale=0.7;camera_shift_px=80
grid_worstcase,constrained_place,franka_panda,relative_drop_20,0.6240000000000001,0.78,0.5367902497733653,0.6239764462582308,150,found_break,calibration_offset_mm=9.3212890625;camera_shift_px=37.28515625
grid_worstcase,constrained_place,franka_panda,relative_drop_30,0.5459999999999999,0.78,0.7796223958333335,0.5459613507509665,150,found_break,joint_range_scale=0.7193359374999999;camera_shift_px=37.421875
grid_worstcase,constrained_place,widowx250_like,absolute_50,0.5,0.92,0.5680022548675736,0.49999491459973205,149,found_break,calibration_offset_mm=9.86328125;camera_shift_px=39.453125
grid_worstcase,constrained_place,widowx250_like,relative_drop_20,0.7360000000000001,0.92,0.07595741920284638,0.692336343451601,133,found_break,action_noise_std=0.002000732421875;calibration_offset_mm=2.000732421875
grid_worstcase,constrained_place,widowx250_like,relative_drop_30,0.644,0.92,0.2092750882104909,0.643994362204117,150,found_break,action_noise_std=0.00726806640625;calibration_offset_mm=3.634033203125
grid_worstcase,constrained_place,so101_urdf,absolute_50,0.5,0.68,0.36614076295238684,0.49996612978392724,150,found_break,joint_range_scale=0.87490234375;calibration_offset_mm=8.33984375
grid_worstcase,constrained_place,so101_urdf,relative_drop_20,0.544,0.68,0.3239643065750099,0.5439982586399819,150,found_break,joint_range_scale=0.8660034179687499;calibration_offset_mm=4.466552734375
grid_worstcase,constrained_place,so101_urdf,relative_drop_30,0.476,0.68,0.40537013041157116,0.4759999677233127,149,found_break,joint_range_scale=0.8614990234375;calibration_offset_mm=9.2333984375
grid_worstcase,tool_push,franka_panda,absolute_50,0.5,0.86,1.0,0.6024377647740798,150,no_break_found_returned_lowest_success,tool_extension_cm=20
grid_worstcase,tool_push,franka_panda,relative_drop_20,0.6880000000000001,0.86,0.6982421875,0.6879592216002133,150,found_break,tool_extension_cm=13.96484375
grid_worstcase,tool_push,franka_panda,relative_drop_30,0.602,0.86,1.0,0.6024377647740798,150,no_break_found_returned_lowest_success,tool_extension_cm=20
grid_worstcase,tool_push,widowx250_like,absolute_50,0.5,0.72,0.83544921875,0.4999789078387166,150,found_break,tool_extension_cm=16.708984375
grid_worstcase,tool_push,widowx250_like,relative_drop_20,0.576,0.72,0.95703125,0.5759483124296053,150,found_break,payload_g=478.515625
grid_worstcase,tool_push,widowx250_like,relative_drop_30,0.504,0.72,0.826171875,0.5039152121896359,150,found_break,tool_extension_cm=16.5234375
grid_worstcase,tool_push,so101_urdf,absolute_50,0.5,0.82,0.733154296875,0.4999802618086787,150,found_break,tool_extension_cm=14.6630859375
grid_worstcase,tool_push,so101_urdf,relative_drop_20,0.656,0.82,0.43420264365343053,0.6559858656126627,150,found_break,gripper_limit_scale=0.802197265625;calibration_offset_mm=9.89013671875
grid_worstcase,tool_push,so101_urdf,relative_drop_30,0.574,0.82,0.7232934456011082,0.5739825903270896,150,found_break,speed_cap_scale=0.5299072265625;calibration_offset_mm=9.40185546875
grid_worstcase,rotate_object,franka_panda,absolute_50,0.5,0.76,0.977061168032533,0.6020881132136929,150,no_break_found_returned_lowest_success,gripper_limit_scale=0.6;acceleration_cap_scale=0.5
grid_worstcase,rotate_object,franka_panda,relative_drop_20,0.6080000000000001,0.76,0.9184101747833088,0.6079797423538013,150,found_break,joint_range_scale=0.707763671875;gripper_limit_scale=0.6103515625
grid_worstcase,rotate_object,franka_panda,relative_drop_30,0.5319999999999999,0.76,0.977061168032533,0.6020881132136929,150,no_break_found_returned_lowest_success,gripper_limit_scale=0.6;acceleration_cap_scale=0.5
grid_worstcase,rotate_object,widowx250_like,absolute_50,0.5,0.82,0.6617245188600102,0.4999721806941838,150,found_break,action_noise_std=0.0048779296875;gripper_limit_scale=0.609765625
grid_worstcase,rotate_object,widowx250_like,relative_drop_20,0.656,0.82,0.2470247430203779,0.655975234864484,150,found_break,action_noise_std=0.0085791015625;calibration_offset_mm=4.28955078125
grid_worstcase,rotate_object,widowx250_like,relative_drop_30,0.574,0.82,0.40496826171874994,0.5739703303896129,149,found_break,action_noise_std=0.00971923828125;gripper_limit_scale=0.805615234375
grid_worstcase,rotate_object,so101_urdf,absolute_50,0.5,0.82,0.6312547211947844,0.49999555897554554,150,found_break,action_noise_std=0.0046533203125;gripper_limit_scale=0.627734375
grid_worstcase,rotate_object,so101_urdf,relative_drop_20,0.656,0.82,0.17541112366246098,0.6559865402769979,150,found_break,action_noise_std=0.004620361328125;calibration_offset_mm=4.620361328125
grid_worstcase,rotate_object,so101_urdf,relative_drop_30,0.574,0.82,0.35740306094713314,0.5739769292207212,150,found_break,action_noise_std=0.0094140625;calibration_offset_mm=9.4140625
bodyshield,push_block,franka_panda,absolute_50,0.5,0.86,1.0101525445522108,0.8454890900945795,150,no_break_found_returned_lowest_success,speed_cap_scale=0.5;acceleration_cap_scale=0.5
bodyshield,push_block,franka_panda,relative_drop_20,0.6880000000000001,0.86,1.0101525445522108,0.8454890900945795,150,no_break_found_returned_lowest_success,speed_cap_scale=0.5;acceleration_cap_scale=0.5
bodyshield,push_block,franka_panda,relative_drop_30,0.602,0.86,1.0101525445522108,0.8454890900945795,150,no_break_found_returned_lowest_success,speed_cap_scale=0.5;acceleration_cap_scale=0.5
bodyshield,push_block,widowx250_like,absolute_50,0.5,0.92,1.0,0.7439116673194879,150,no_break_found_returned_lowest_success,action_noise_std=0.04
bodyshield,push_block,widowx250_like,relative_drop_20,0.7360000000000001,0.92,1.0,0.7439116673194879,150,no_break_found_returned_lowest_success,action_noise_std=0.04
bodyshield,push_block,widowx250_like,relative_drop_30,0.644,0.92,1.0,0.7439116673194879,150,no_break_found_returned_lowest_success,action_noise_std=0.04
bodyshield,push_block,so101_urdf,absolute_50,0.5,0.88,1.0,0.708733903286691,150,no_break_found_returned_lowest_success,action_noise_std=0.04
bodyshield,push_block,so101_urdf,relative_drop_20,0.7040000000000001,0.88,1.0,0.708733903286691,150,no_break_found_returned_lowest_success,action_noise_std=0.04
bodyshield,push_block,so101_urdf,relative_drop_30,0.616,0.88,1.0,0.708733903286691,150,no_break_found_returned_lowest_success,action_noise_std=0.04
bodyshield,press_button,franka_panda,absolute_50,0.5,0.88,1.2018504251546631,0.7572130927734172,150,no_break_found_returned_lowest_success,joint_range_scale=0.7;camera_shift_px=80
bodyshield,press_button,franka_panda,relative_drop_20,0.7040000000000001,0.88,1.2018504251546631,0.7572130927734172,150,no_break_found_returned_lowest_success,joint_range_scale=0.7;camera_shift_px=80
bodyshield,press_button,franka_panda,relative_drop_30,0.616,0.88,1.2018504251546631,0.7572130927734172,150,no_break_found_returned_lowest_success,joint_range_scale=0.7;camera_shift_px=80
bodyshield,press_button,widowx250_like,absolute_50,0.5,0.9,1.2018504251546631,0.6115889994213801,150,no_break_found_returned_lowest_success,joint_range_scale=0.7;camera_shift_px=80
bodyshield,press_button,widowx250_like,relative_drop_20,0.7200000000000001,0.9,0.7531738281250001,0.7199644098931663,150,found_break,joint_range_scale=0.7288574218749999;camera_shift_px=36.15234375
bodyshield,press_button,widowx250_like,relative_drop_30,0.63,0.9,1.2018504251546631,0.6115889994213801,150,found_break,joint_range_scale=0.7;camera_shift_px=80
bodyshield,press_button,so101_urdf,absolute_50,0.5,0.7,1.2018504251546631,0.5657621040218226,150,no_break_found_returned_lowest_success,joint_range_scale=0.7;camera_shift_px=80
bodyshield,press_button,so101_urdf,relative_drop_20,0.5599999999999999,0.7,1.2018504251546631,0.5657621040218226,150,no_break_found_returned_lowest_success,joint_range_scale=0.7;camera_shift_px=80
bodyshield,press_button,so101_urdf,relative_drop_30,0.48999999999999994,0.7,1.2018504251546631,0.5657621040218226,150,no_break_found_returned_lowest_success,joint_range_scale=0.7;camera_shift_px=80
bodyshield,slide_track,franka_panda,absolute_50,0.5,0.84,1.0101525445522108,0.759573043154504,150,no_break_found_returned_lowest_success,speed_cap_scale=0.5;acceleration_cap_scale=0.5
bodyshield,slide_track,franka_panda,relative_drop_20,0.672,0.84,1.0101525445522108,0.759573043154504,150,no_break_found_returned_lowest_success,speed_cap_scale=0.5;acceleration_cap_scale=0.5
bodyshield,slide_track,franka_panda,relative_drop_30,0.588,0.84,1.0101525445522108,0.759573043154504,150,no_break_found_returned_lowest_success,speed_cap_scale=0.5;acceleration_cap_scale=0.5
bodyshield,slide_track,widowx250_like,absolute_50,0.5,0.86,1.0101525445522108,0.6387071986879431,150,no_break_found_returned_lowest_success,speed_cap_scale=0.5;acceleration_cap_scale=0.5
bodyshield,slide_track,widowx250_like,relative_drop_20,0.6880000000000001,0.86,0.7235155579767136,0.6879640705134336,150,found_break,action_noise_std=0.009560546875000001;acceleration_cap_scale=0.52197265625
bodyshield,slide_track,widowx250_like,relative_drop_30,0.602,0.86,1.0101525445522108,0.6387071986879431,150,no_break_found_returned_lowest_success,speed_cap_scale=0.5;acceleration_cap_scale=0.5
bodyshield,slide_track,so101_urdf,absolute_50,0.5,0.82,1.0101525445522108,0.5851506839375454,150,no_break_found_returned_lowest_success,speed_cap_scale=0.5;acceleration_cap_scale=0.5
bodyshield,slide_track,so101_urdf,relative_drop_20,0.656,0.82,0.7214832109037453,0.6559731664346704,149,found_break,action_noise_std=0.009533691406250001;acceleration_cap_scale=0.5233154296875
bodyshield,slide_track,so101_urdf,relative_drop_30,0.574,0.82,1.0101525445522108,0.5851506839375454,150,no_break_found_returned_lowest_success,speed_cap_scale=0.5;acceleration_cap_scale=0.5
bodyshield,pick_place_bin,franka_panda,absolute_50,0.5,0.78,0.9428090415820635,0.6154113216702531,150,no_break_found_returned_lowest_success,joint_range_scale=0.7;gripper_limit_scale=0.6
bodyshield,pick_place_bin,franka_panda,relative_drop_20,0.6240000000000001,0.78,0.9112746571346166,0.623948902486983,150,found_break,joint_range_scale=0.7100341796874999;gripper_limit_scale=0.6133789062499999
bodyshield,pick_place_bin,franka_panda,relative_drop_30,0.5459999999999999,0.78,0.9428090415820635,0.6154113216702531,150,no_break_found_returned_lowest_success,joint_range_scale=0.7;gripper_limit_scale=0.6
bodyshield,pick_place_bin,widowx250_like,absolute_50,0.5,0.8,0.711652655707397,0.4999810130170648,150,found_break,action_noise_std=0.0099951171875;gripper_limit_scale=0.6001953124999999
bodyshield,pick_place_bin,widowx250_like,relative_drop_20,0.6400000000000001,0.8,0.3993733723958333,0.6399721716565626,150,found_break,action_noise_std=0.0095849609375;gripper_limit_scale=0.80830078125
bodyshield,pick_place_bin,widowx250_like,relative_drop_30,0.5599999999999999,0.8,0.5986321660858199,0.5599508027188782,150,found_break,action_noise_std=0.004412841796875;gripper_limit_scale=0.64697265625
bodyshield,pick_place_bin,so101_urdf,absolute_50,0.5,0.82,0.6810588922964291,0.4999496727958815,150,found_break,action_noise_std=0.0095654296875;gripper_limit_scale=0.6173828125
bodyshield,pick_place_bin,so101_urdf,relative_drop_20,0.656,0.82,0.32236439912295245,0.655979193253239,149,found_break,action_noise_std=0.004527587890625;gripper_limit_scale=0.8188964843750001
bodyshield,pick_place_bin,so101_urdf,relative_drop_30,0.574,0.82,0.5588193688249647,0.5739890495817647,150,found_break,gripper_limit_scale=0.8140136718750001;camera_shift_px=37.197265625
bodyshield,pull_ring,franka_panda,absolute_50,0.5,0.9,1.0101525445522108,0.715757680562892,150,no_break_found_returned_lowest_success,speed_cap_scale=0.5;acceleration_cap_scale=0.5
bodyshield,pull_ring,franka_panda,relative_drop_20,0.7200000000000001,0.9,0.9835176630064006,0.719924926403853,150,found_break,speed_cap_scale=0.51318359375;acceleration_cap_scale=0.51318359375
bodyshield,pull_ring,franka_panda,relative_drop_30,0.63,0.9,1.0101525445522108,0.715757680562892,150,no_break_found_returned_lowest_success,speed_cap_scale=0.5;acceleration_cap_scale=0.5
bodyshield,pull_ring,widowx250_like,absolute_50,0.5,0.82,1.0101525445522108,0.5898119687586909,150,no_break_found_returned_lowest_success,speed_cap_scale=0.5;acceleration_cap_scale=0.5
bodyshield,pull_ring,widowx250_like,relative_drop_20,0.656,0.82,0.7747646717852006,0.6559688903274764,150,found_break,joint_range_scale=0.8525634765625;acceleration_cap_scale=0.508544921875
bodyshield,pull_ring,widowx250_like,relative_drop_30,0.574,0.82,1.0101525445522108,0.5898119687586909,150,no_break_found_returned_lowest_success,speed_cap_scale=0.5;acceleration_cap_scale=0.5
bodyshield,pull_ring,so101_urdf,absolute_50,0.5,0.82,1.0101525445522108,0.5325119682262612,150,no_break_found_returned_lowest_success,speed_cap_scale=0.5;acceleration_cap_scale=0.5
bodyshield,pull_ring,so101_urdf,relative_drop_20,0.656,0.82,0.7139537902202813,0.6559995291725528,150,found_break,latency_ms=38.935546875;speed_cap_scale=0.5133056640625
bodyshield,pull_ring,so101_urdf,relative_drop_30,0.574,0.82,0.8787825544511356,0.5739445891193762,150,found_break,joint_range_scale=0.7301757812499999;speed_cap_scale=0.55029296875
bodyshield,constrained_place,franka_panda,absolute_50,0.5,0.92,1.2018504251546631,0.5656207784917862,150,no_break_found_returned_lowest_success,joint_range_scale=0.7;camera_shift_px=80
bodyshield,constrained_place,franka_panda,relative_drop_20,0.7360000000000001,0.92,0.4139200846354168,0.7359950422661298,150,found_break,action_noise_std=0.00993408203125;joint_range_scale=0.8509887695312499
bodyshield,constrained_place,franka_panda,relative_drop_30,0.644,0.92,0.8408203125,0.6439404692750418,150,found_break,obstacle_clearance_cm=8.408203125
bodyshield,constrained_place,widowx250_like,absolute_50,0.5,0.78,0.9013770036219142,0.4999789197617672,150,found_break,joint_range_scale=0.71318359375;gripper_limit_scale=0.617578125
bodyshield,constrained_place,widowx250_like,relative_drop_20,0.6240000000000001,0.78,0.4892763488364713,0.6239767041871453,150,found_break,action_noise_std=0.00875244140625;camera_shift_px=35.009765625
bodyshield,constrained_place,widowx250_like,relative_drop_30,0.5459999999999999,0.78,0.7220458984374999,0.5459589529679015,150,found_break,joint_range_scale=0.7400634765625;camera_shift_px=34.658203125
bodyshield,constrained_place,so101_urdf,absolute_50,0.5,0.84,0.7430013020833335,0.4999962035337628,150,found_break,joint_range_scale=0.7325195312499999;camera_shift_px=35.6640625
bodyshield,constrained_place,so101_urdf,relative_drop_20,0.672,0.84,0.2703634495322634,0.671979165413911,150,found_break,action_noise_std=0.0093896484375;calibration_offset_mm=4.69482421875
bodyshield,constrained_place,so101_urdf,relative_drop_30,0.588,0.84,0.5071550661858654,0.5879583140111465,150,found_break,action_noise_std=0.009072265625000001;camera_shift_px=36.2890625
bodyshield,tool_push,franka_panda,absolute_50,0.5,0.84,0.977061168032533,0.7735759657459682,150,no_break_found_returned_lowest_success,gripper_limit_scale=0.6;speed_cap_scale=0.5
bodyshield,tool_push,franka_panda,relative_drop_20,0.672,0.84,0.977061168032533,0.7735759657459682,150,no_break_found_returned_lowest_success,gripper_limit_scale=0.6;speed_cap_scale=0.5
bodyshield,tool_push,franka_panda,relative_drop_30,0.588,0.84,0.977061168032533,0.7735759657459682,150,no_break_found_returned_lowest_success,gripper_limit_scale=0.6;speed_cap_scale=0.5
bodyshield,tool_push,widowx250_like,absolute_50,0.5,0.78,1.0,0.6388001459288444,150,no_break_found_returned_lowest_success,physical_gripper_restriction_mm=20
bodyshield,tool_push,widowx250_like,relative_drop_20,0.6240000000000001,0.78,1.0,0.6388001459288444,150,no_break_found_returned_lowest_success,physical_gripper_restriction_mm=20
bodyshield,tool_push,widowx250_like,relative_drop_30,0.5459999999999999,0.78,1.0,0.6388001459288444,150,no_break_found_returned_lowest_success,physical_gripper_restriction_mm=20
bodyshield,tool_push,so101_urdf,absolute_50,0.5,0.9,0.977061168032533,0.6295145320426332,150,no_break_found_returned_lowest_success,gripper_limit_scale=0.6;speed_cap_scale=0.5
bodyshield,tool_push,so101_urdf,relative_drop_20,0.7200000000000001,0.9,0.6042509447483206,0.7199892948135145,150,found_break,speed_cap_scale=0.754150390625;camera_shift_px=39.3359375
bodyshield,tool_push,so101_urdf,relative_drop_30,0.63,0.9,0.9749143051144927,0.6299750373674221,150,found_break,gripper_limit_scale=0.60087890625;speed_cap_scale=0.5010986328125
bodyshield,rotate_object,franka_panda,absolute_50,0.5,0.86,0.977061168032533,0.6797663365976397,150,no_break_found_returned_lowest_success,gripper_limit_scale=0.6;acceleration_cap_scale=0.5
bodyshield,rotate_object,franka_panda,relative_drop_20,0.6880000000000001,0.86,0.7031350738486617,0.6879976219735782,150,found_break,action_noise_std=0.00987548828125;gripper_limit_scale=0.60498046875
bodyshield,rotate_object,franka_panda,relative_drop_30,0.602,0.86,0.977061168032533,0.6797663365976397,150,no_break_found_returned_lowest_success,gripper_limit_scale=0.6;acceleration_cap_scale=0.5
bodyshield,rotate_object,widowx250_like,absolute_50,0.5,0.88,0.977061168032533,0.5291167364259599,150,no_break_found_returned_lowest_success,gripper_limit_scale=0.6;acceleration_cap_scale=0.5
bodyshield,rotate_object,widowx250_like,relative_drop_20,0.7040000000000001,0.88,0.28865243060202633,0.7039871115059992,150,found_break,latency_ms=38.427734375;action_noise_std=0.00960693359375
bodyshield,rotate_object,widowx250_like,relative_drop_30,0.616,0.88,0.5564050008432517,0.6159572916779071,150,found_break,action_noise_std=0.0041015625;gripper_limit_scale=0.671875
bodyshield,rotate_object,so101_urdf,absolute_50,0.5,0.78,0.977061168032533,0.510525875756156,150,no_break_found_returned_lowest_success,gripper_limit_scale=0.6;speed_cap_scale=0.5
bodyshield,rotate_object,so101_urdf,relative_drop_20,0.6240000000000001,0.78,0.40873209635416663,0.6239843875398533,149,found_break,action_noise_std=0.0098095703125;gripper_limit_scale=0.80380859375
bodyshield,rotate_object,so101_urdf,relative_drop_30,0.5459999999999999,0.78,0.6497698160806668,0.5459958480201121,150,found_break,action_noise_std=0.0091259765625;gripper_limit_scale=0.6349609375
